IF OBJECT_ID(N'[__EFMigrationsHistory]') IS NULL
BEGIN
    CREATE TABLE [__EFMigrationsHistory] (
        [MigrationId] nvarchar(150) NOT NULL,
        [ProductVersion] nvarchar(32) NOT NULL,
        CONSTRAINT [PK___EFMigrationsHistory] PRIMARY KEY ([MigrationId])
    );
END;
GO

BEGIN TRANSACTION;
GO

CREATE TABLE [Personagens] (
    [Id] int NOT NULL IDENTITY,
    [Nome] nvarchar(max) NULL,
    [PontosVida] int NOT NULL,
    [Forca] int NOT NULL,
    [Defesa] int NOT NULL,
    [Inteligencia] int NOT NULL,
    [Classe] int NOT NULL,
    CONSTRAINT [PK_Personagens] PRIMARY KEY ([Id])
);
GO

IF EXISTS (SELECT * FROM [sys].[identity_columns] WHERE [name] IN (N'Id', N'Classe', N'Defesa', N'Forca', N'Inteligencia', N'Nome', N'PontosVida') AND [object_id] = OBJECT_ID(N'[Personagens]'))
    SET IDENTITY_INSERT [Personagens] ON;
INSERT INTO [Personagens] ([Id], [Classe], [Defesa], [Forca], [Inteligencia], [Nome], [PontosVida])
VALUES (1, 1, 23, 17, 33, N'Frodo', 100),
(2, 1, 25, 15, 30, N'Sam', 100),
(3, 3, 21, 18, 35, N'Galadriel', 100),
(4, 2, 18, 18, 37, N'Gandalf', 100),
(5, 1, 17, 20, 31, N'Hobbit', 100),
(6, 3, 13, 21, 34, N'Celeborn', 100),
(7, 2, 11, 25, 35, N'Radagast', 100);
IF EXISTS (SELECT * FROM [sys].[identity_columns] WHERE [name] IN (N'Id', N'Classe', N'Defesa', N'Forca', N'Inteligencia', N'Nome', N'PontosVida') AND [object_id] = OBJECT_ID(N'[Personagens]'))
    SET IDENTITY_INSERT [Personagens] OFF;
GO

INSERT INTO [__EFMigrationsHistory] ([MigrationId], [ProductVersion])
VALUES (N'20220919042135_InitialCreate', N'6.0.9');
GO

COMMIT;
GO

BEGIN TRANSACTION;
GO

CREATE TABLE [Armas] (
    [Id] int NOT NULL IDENTITY,
    [Nome] nvarchar(max) NULL,
    [Dano] int NOT NULL,
    CONSTRAINT [PK_Armas] PRIMARY KEY ([Id])
);
GO

IF EXISTS (SELECT * FROM [sys].[identity_columns] WHERE [name] IN (N'Id', N'Dano', N'Nome') AND [object_id] = OBJECT_ID(N'[Armas]'))
    SET IDENTITY_INSERT [Armas] ON;
INSERT INTO [Armas] ([Id], [Dano], [Nome])
VALUES (1, 35, N'Arco e Flecha'),
(2, 33, N'Espada'),
(3, 31, N'Machado'),
(4, 30, N'Punho'),
(5, 34, N'Chicote'),
(6, 33, N'Foice'),
(7, 32, N'Cajado');
IF EXISTS (SELECT * FROM [sys].[identity_columns] WHERE [name] IN (N'Id', N'Dano', N'Nome') AND [object_id] = OBJECT_ID(N'[Armas]'))
    SET IDENTITY_INSERT [Armas] OFF;
GO

INSERT INTO [__EFMigrationsHistory] ([MigrationId], [ProductVersion])
VALUES (N'20220919042333_MigracaoArma', N'6.0.9');
GO

COMMIT;
GO

BEGIN TRANSACTION;
GO

ALTER TABLE [Personagens] ADD [FotoPersonagem] varbinary(max) NULL;
GO

ALTER TABLE [Personagens] ADD [UsuarioId] int NULL;
GO

CREATE TABLE [Usuarios] (
    [Id] int NOT NULL IDENTITY,
    [Username] nvarchar(max) NULL,
    [PasswordHash] varbinary(max) NULL,
    [PasswordSalt] varbinary(max) NULL,
    [Foto] varbinary(max) NULL,
    [Latitude] float NULL,
    [Longitude] float NULL,
    [DataAcesso] datetime2 NULL,
    [Perfil] nvarchar(max) NULL,
    CONSTRAINT [PK_Usuarios] PRIMARY KEY ([Id])
);
GO

IF EXISTS (SELECT * FROM [sys].[identity_columns] WHERE [name] IN (N'Id', N'DataAcesso', N'Foto', N'Latitude', N'Longitude', N'PasswordHash', N'PasswordSalt', N'Perfil', N'Username') AND [object_id] = OBJECT_ID(N'[Usuarios]'))
    SET IDENTITY_INSERT [Usuarios] ON;
INSERT INTO [Usuarios] ([Id], [DataAcesso], [Foto], [Latitude], [Longitude], [PasswordHash], [PasswordSalt], [Perfil], [Username])
VALUES (1, NULL, NULL, NULL, NULL, 0x7A79307B95A02DEB0C3CEB748AAC517F70EDC71ACD4989DCCB3C59A09A8DC4C277BE5A7B53BF1418AC5305D73D219C02C3965B09856D66E47AEE637CE8AA336E, 0x928704DD496C55F73F44CD6AF64B302C1F28CF0306722C61BDC12BB7D3FE0C90ABC35B598C60D70F33F17D31B5E60DCD20757A9812F0B8E9CCA10415AA495DA853F03E77CA33F820C488F40DD3A32E2983A5AEA7F83EE04706E9B256CF1B90DBD86B68B001625C2F46D7D499F7FC9979A1912639D0B18A16B36C8E3804044663, N'Admin', N'UsuarioAdmin');
IF EXISTS (SELECT * FROM [sys].[identity_columns] WHERE [name] IN (N'Id', N'DataAcesso', N'Foto', N'Latitude', N'Longitude', N'PasswordHash', N'PasswordSalt', N'Perfil', N'Username') AND [object_id] = OBJECT_ID(N'[Usuarios]'))
    SET IDENTITY_INSERT [Usuarios] OFF;
GO

CREATE INDEX [IX_Personagens_UsuarioId] ON [Personagens] ([UsuarioId]);
GO

ALTER TABLE [Personagens] ADD CONSTRAINT [FK_Personagens_Usuarios_UsuarioId] FOREIGN KEY ([UsuarioId]) REFERENCES [Usuarios] ([Id]);
GO

INSERT INTO [__EFMigrationsHistory] ([MigrationId], [ProductVersion])
VALUES (N'20220920045034_MigracaoUsuario', N'6.0.9');
GO

COMMIT;
GO

BEGIN TRANSACTION;
GO

ALTER TABLE [Armas] ADD [PersonagemId] int NOT NULL DEFAULT 0;
GO

UPDATE [Armas] SET [PersonagemId] = 1
WHERE [Id] = 1;
SELECT @@ROWCOUNT;

GO

UPDATE [Armas] SET [PersonagemId] = 2
WHERE [Id] = 2;
SELECT @@ROWCOUNT;

GO

UPDATE [Armas] SET [PersonagemId] = 3
WHERE [Id] = 3;
SELECT @@ROWCOUNT;

GO

UPDATE [Armas] SET [PersonagemId] = 4
WHERE [Id] = 4;
SELECT @@ROWCOUNT;

GO

UPDATE [Armas] SET [PersonagemId] = 5
WHERE [Id] = 5;
SELECT @@ROWCOUNT;

GO

UPDATE [Armas] SET [PersonagemId] = 6
WHERE [Id] = 6;
SELECT @@ROWCOUNT;

GO

UPDATE [Armas] SET [PersonagemId] = 7
WHERE [Id] = 7;
SELECT @@ROWCOUNT;

GO

UPDATE [Usuarios] SET [PasswordHash] = 0xA1884CAE919BDF650EC0F73CC067EBB47CD8F7E88603B2DD41B51CDCFE5799186BF6FFB067BD7A1B28594494985A1C5C1F2E5733BCB9397E4641DC44D65FABE7, [PasswordSalt] = 0xDA8C4DE2F0D3094713B01FE391F68A304B473356750CCD7AA10464285963008991581455A8C28BBC06747C80D0D54E2751E29A3547BD84795D375B3B6520377A40A08E50E52A7A8266D881E935A936A79EDA78E9BF4298161ECCEE2ED586D5F3374D638D4FA722675F7451407D9D736DDBF749716CF44E58B89809536EE3A11A
WHERE [Id] = 1;
SELECT @@ROWCOUNT;

GO

CREATE UNIQUE INDEX [IX_Armas_PersonagemId] ON [Armas] ([PersonagemId]);
GO

ALTER TABLE [Armas] ADD CONSTRAINT [FK_Armas_Personagens_PersonagemId] FOREIGN KEY ([PersonagemId]) REFERENCES [Personagens] ([Id]) ON DELETE CASCADE;
GO

INSERT INTO [__EFMigrationsHistory] ([MigrationId], [ProductVersion])
VALUES (N'20220925162208_MigracaoUmParaUm', N'6.0.9');
GO

COMMIT;
GO

BEGIN TRANSACTION;
GO

DECLARE @var0 sysname;
SELECT @var0 = [d].[name]
FROM [sys].[default_constraints] [d]
INNER JOIN [sys].[columns] [c] ON [d].[parent_column_id] = [c].[column_id] AND [d].[parent_object_id] = [c].[object_id]
WHERE ([d].[parent_object_id] = OBJECT_ID(N'[Usuarios]') AND [c].[name] = N'Perfil');
IF @var0 IS NOT NULL EXEC(N'ALTER TABLE [Usuarios] DROP CONSTRAINT [' + @var0 + '];');
ALTER TABLE [Usuarios] ADD DEFAULT N'Jogador' FOR [Perfil];
GO

ALTER TABLE [Usuarios] ADD [Email] nvarchar(max) NULL;
GO

ALTER TABLE [Personagens] ADD [Derrotas] int NOT NULL DEFAULT 0;
GO

ALTER TABLE [Personagens] ADD [Disputas] int NOT NULL DEFAULT 0;
GO

ALTER TABLE [Personagens] ADD [Vitorias] int NOT NULL DEFAULT 0;
GO

CREATE TABLE [Habilidades] (
    [Id] int NOT NULL IDENTITY,
    [Nome] nvarchar(max) NULL,
    [Dano] int NOT NULL,
    CONSTRAINT [PK_Habilidades] PRIMARY KEY ([Id])
);
GO

CREATE TABLE [PersonagemHabilidades] (
    [PersonagemId] int NOT NULL,
    [HabilidadeId] int NOT NULL,
    CONSTRAINT [PK_PersonagemHabilidades] PRIMARY KEY ([PersonagemId], [HabilidadeId]),
    CONSTRAINT [FK_PersonagemHabilidades_Habilidades_HabilidadeId] FOREIGN KEY ([HabilidadeId]) REFERENCES [Habilidades] ([Id]) ON DELETE CASCADE,
    CONSTRAINT [FK_PersonagemHabilidades_Personagens_PersonagemId] FOREIGN KEY ([PersonagemId]) REFERENCES [Personagens] ([Id]) ON DELETE CASCADE
);
GO

IF EXISTS (SELECT * FROM [sys].[identity_columns] WHERE [name] IN (N'Id', N'Dano', N'Nome') AND [object_id] = OBJECT_ID(N'[Habilidades]'))
    SET IDENTITY_INSERT [Habilidades] ON;
INSERT INTO [Habilidades] ([Id], [Dano], [Nome])
VALUES (1, 39, N'Adormecer'),
(2, 41, N'Congelar'),
(3, 37, N'Hipnotizar');
IF EXISTS (SELECT * FROM [sys].[identity_columns] WHERE [name] IN (N'Id', N'Dano', N'Nome') AND [object_id] = OBJECT_ID(N'[Habilidades]'))
    SET IDENTITY_INSERT [Habilidades] OFF;
GO

UPDATE [Usuarios] SET [PasswordHash] = 0xB6D153423A7D20630238A8FD37535599384F32545BBC3217559BCAA2114167AD1A3E3569B7442688E47C495FA966B61E464DEE5D09260E7A1B393A98B05F3B58, [PasswordSalt] = 0x521CC6D7BF8A9B037326FA91167B4554624ABF5AD71EC3FF5BC2A721684EDE555AE78379CF6CA87B2277C4F3CC11891BB91A47BDD389D0A07FF6FB008C47F959988D4741AB914F96FFFED6BCAA78905572F9DB368DE49E539B827AB6E0B427BCE3D0FF880ED15E52119938E587C49A7F474274597A0FFCF6201D9EF6D71C3094
WHERE [Id] = 1;
SELECT @@ROWCOUNT;

GO

IF EXISTS (SELECT * FROM [sys].[identity_columns] WHERE [name] IN (N'HabilidadeId', N'PersonagemId') AND [object_id] = OBJECT_ID(N'[PersonagemHabilidades]'))
    SET IDENTITY_INSERT [PersonagemHabilidades] ON;
INSERT INTO [PersonagemHabilidades] ([HabilidadeId], [PersonagemId])
VALUES (1, 1),
(2, 1),
(2, 2),
(2, 3),
(3, 3),
(3, 4),
(1, 5),
(2, 6),
(3, 7);
IF EXISTS (SELECT * FROM [sys].[identity_columns] WHERE [name] IN (N'HabilidadeId', N'PersonagemId') AND [object_id] = OBJECT_ID(N'[PersonagemHabilidades]'))
    SET IDENTITY_INSERT [PersonagemHabilidades] OFF;
GO

CREATE INDEX [IX_PersonagemHabilidades_HabilidadeId] ON [PersonagemHabilidades] ([HabilidadeId]);
GO

INSERT INTO [__EFMigrationsHistory] ([MigrationId], [ProductVersion])
VALUES (N'20220925174239_MigracaoMuitosParaMuitos', N'6.0.9');
GO

COMMIT;
GO

BEGIN TRANSACTION;
GO

UPDATE [Usuarios] SET [Email] = N'seuEmail@gmail.com', [Latitude] = -23.520024100000001E0, [Longitude] = -46.596497999999997E0, [PasswordHash] = 0xAE0FAB305661E72611752045CF468A6527C9AA24051DCB42D2063C6B3B84F55D5DF11D8E907756733C09182AF7C42132223678BD25C1E5B5DF147FDEC4BE21D4, [PasswordSalt] = 0x3AB838BD18FD7225017F931E65F5A73010F2558EE8D5F24989E0322E18B20498E880613A5A48CDD806D392A2A170C326955D1683446D510734591270B5E6B571417AFDC2B92CFEC25F95E8705CA25923F6ACC8798EF542857E8EB5C56DB80FA4FCD106F13F5612298D87159B2E4EFD9385B630B38B4E40DD0B868A5BEF20C105
WHERE [Id] = 1;
SELECT @@ROWCOUNT;

GO

INSERT INTO [__EFMigrationsHistory] ([MigrationId], [ProductVersion])
VALUES (N'20221005220539_MigracaoDadosUsuario', N'6.0.9');
GO

COMMIT;
GO

